Purchasing Month,Return on Investment
January,2.138736757313046
February,-0.9960037998179077
March,1.2085589236749328
April,3.5740406658636
May,10.00382051692938
June,2.5815127351998943
July,-0.9588490101059435
August,9.31999340052005
September,4.746452028623473
October,7.809053705335248
November,19.63763831915363
December,-30.679890956651835
