Month,ROI
January,-7.676759871587014
February,1.8590333268564931
March,19.32231576969173
April,-5.3428845030974195
May,21.259767073012824
June,-5.259537165651874
July,8.124680562336062
August,-0.5568529601925346
September,-11.486208471864584
October,9.572033466145681
November,20.617697115690497
December,-11.02842974716663
