Month,ROI
January,5.617870412552817
February,-3.89473718793677
March,-2.688449860055664
April,0.27187749953683227
May,2.16083418545836
June,0.48424362676078303
July,3.602155617289915
August,3.0263211276748248
September,0.42942874264617625
October,-6.94033560936963
November,1.7859356654779779
December,-9.942501346228827
