Month,ROI
January,-5.258516502739385
February,-3.1360491945908286
March,3.5773288371546252
April,-8.795671180434306
May,0.005317770464463578
June,-8.391999993382681
July,9.111639173021002
August,-4.244012827299837
September,-9.339567201327437
October,7.98634138370089
November,5.375289335249311
December,-5.897147407473047
